{
	"format_version": "1.8.0",
	"animations": {
		"holdingfire": {
			"animation_length": 10,
			"bones": {
				"body": {
					"rotation": {
						"0.0": [5.66641, -4.71796, -2.95127],
						"10.0": [5.66641, -4.71796, -2.95127]
					}
				},
				"head": {
					"rotation": {
						"0.0": [0, 2.5, -10],
						"10.0": [0, 2.5, -10]
					}
				},
				"right_arm": {
					"rotation": {
						"0.0": [-90, 0, 0],
						"10.0": [-90, 0, 0]
					}
				},
				"left_arm": {
					"rotation": {
						"0.0": [-82.35629, 34.05444, 8.61775],
						"10.0": [-82.35629, 34.05444, 8.61775]
					}
				},
				"left_leg": {
					"rotation": {
						"0.0": [17.5, 0, 0],
						"10.0": [17.5, 0, 0]
					}
				},
				"right_leg": {
					"rotation": {
						"0.0": [-22.5, 0, 0],
						"10.0": [-22.5, 0, 0]
					}
				}
			}
		},
		"fire": {
			"animation_length": 0.875,
			"bones": {
				"body": {
					"rotation": {
						"0.0": [5.66641, -4.71796, -2.95127],
						"0.0833": [-6.83359, -4.71796, -2.95127],
						"0.25": [-19.33359, -4.71796, -2.95127],
						"0.5": [-6.83359, -4.71796, -2.95127],
						"0.75": [10.66641, -4.71796, -2.95127],
						"0.875": [5.66641, -4.71796, -2.95127]
					}
				},
				"head": {
					"rotation": {
						"0.0": [0, 2.5, -10],
						"0.0833": [7.5, 2.5, -10],
						"0.25": [-20, 2.5, -10],
						"0.6667": [7.5, 2.5, -10],
						"0.875": [0, 2.5, -10]
					}
				},
				"right_arm": {
					"rotation": {
						"0.0": [-90, 0, 0],
						"0.0833": [-82.5, 0, 0],
						"0.25": [-95, 0, 0],
						"0.6667": [-82.5, 0, 0],
						"0.875": [-90, 0, 0]
					}
				},
				"left_arm": {
					"rotation": {
						"0.0": [-82.35629, 34.05444, 8.61775],
						"0.0833": [-74.85629, 34.05444, 8.61775],
						"0.25": [-89.85629, 34.05444, 8.61775],
						"0.6667": [-74.85629, 34.05444, 8.61775],
						"0.875": [-82.35629, 34.05444, 8.61775]
					}
				},
				"left_leg": {
					"rotation": [17.5, 0, 0]
				},
				"right_leg": {
					"rotation": [-22.5, 0, 0]
				}
			}
		}
	}
}