{
	"format_version": "1.8.0",
	"animations": {
		"idle": {
			"animation_length": 0.5,
			"bones": {
				"left_arm": {
					"rotation": {
						"vector": [-45, 0, 0]
					}
				},
				"right_arm": {
					"rotation": {
						"vector": [-65, 0, 0]
					}
				}
			}
		},
		"waliking": {
			"loop": true,
			"animation_length": 1.0417,
			"bones": {
				"head": {
					"rotation": {
						"0.0": {
							"vector": [0, 5, -10]
						},
						"0.25": {
							"vector": [0, -10, 10]
						},
						"0.2917": {
							"vector": [0, -10, 10]
						},
						"0.5": {
							"vector": [0, 2.5, -12.5]
						},
						"0.5417": {
							"vector": [0, 2.5, -12.5]
						},
						"0.75": {
							"vector": [0, -2.5, 12.5]
						},
						"0.7917": {
							"vector": [0, -10, 12.5]
						},
						"1.0": {
							"vector": [0, 0, -10]
						},
						"1.0417": {
							"vector": [0, 5, -10]
						}
					}
				},
				"body": {
					"rotation": {
						"0.0": {
							"vector": [5.10997, -12.88718, 3.87643]
						},
						"0.25": {
							"vector": [5.29574, 20.5735, -5.66269]
						},
						"0.2917": {
							"vector": [5.49606, 25.55138, -5.15183]
						},
						"0.5": {
							"vector": [4.98123, -5.63305, 7.03815]
						},
						"0.5417": {
							"vector": [5.04363, -10.61395, 6.59701]
						},
						"0.75": {
							"vector": [5.04363, 10.61395, -6.59701]
						},
						"0.7917": {
							"vector": [5.29574, 20.5735, -5.66269]
						},
						"1.0": {
							"vector": [5.02885, -7.90672, 4.32548]
						},
						"1.0417": {
							"vector": [5.10997, -12.88718, 3.87643]
						}
					}
				},
				"left_arm": {
					"rotation": {
						"0.0": {
							"vector": [-55.02021, -6.15983, -4.2694]
						},
						"0.25": {
							"vector": [-54.76837, 6.13784, 4.31837]
						},
						"0.2917": {
							"vector": [-54.76837, 6.13784, 4.31837]
						},
						"0.5": {
							"vector": [-54.64228, -4.08445, -2.91323]
						},
						"0.5417": {
							"vector": [-54.64228, -4.08445, -2.91323]
						},
						"0.75": {
							"vector": [-54.33133, 8.14885, 5.7891]
						},
						"0.7917": {
							"vector": [-54.33133, 8.14885, 5.7891]
						},
						"1.0": {
							"vector": [-55.2257, -2.05706, -1.40356]
						},
						"1.0417": {
							"vector": [-55.02021, -6.15983, -4.2694]
						}
					}
				},
				"right_arm": {
					"rotation": {
						"0.0": {
							"vector": [-64.91623, -4.53051, -2.11751]
						},
						"0.25": {
							"vector": [-64.91623, 4.53051, 2.11751]
						},
						"0.2917": {
							"vector": [-64.91623, 4.53051, 2.11751]
						},
						"0.5": {
							"vector": [-64.66239, -9.05478, -4.26175]
						},
						"0.5417": {
							"vector": [-64.66239, -9.05478, -4.26175]
						},
						"0.75": {
							"vector": [-64.9791, 2.26564, 1.0571]
						},
						"0.7917": {
							"vector": [-64.9791, 2.26564, 1.0571]
						},
						"1.0": {
							"vector": [-64.9791, -2.26564, -1.0571]
						},
						"1.0417": {
							"vector": [-64.91623, -4.53051, -2.11751]
						}
					}
				},
				"left_leg": {
					"rotation": {
						"0.0": {
							"vector": [17.5, 0, 0]
						},
						"0.25": {
							"vector": [-22.5, 0, 0]
						},
						"0.5": {
							"vector": [32.5, 0, 0]
						},
						"0.75": {
							"vector": [-22.5, 0, 0]
						},
						"1.0": {
							"vector": [17.5, 0, 0]
						}
					}
				},
				"right_leg": {
					"rotation": {
						"0.0": {
							"vector": [-22.5, 0, 0]
						},
						"0.25": {
							"vector": [30, 0, 0]
						},
						"0.5": {
							"vector": [-27.5, 0, 0]
						},
						"0.75": {
							"vector": [30, 0, 0]
						},
						"1.0417": {
							"vector": [-22.5, 0, 0]
						}
					}
				}
			}
		},
		"start_walking": {
			"animation_length": 0.2083,
			"bones": {
				"head": {
					"rotation": {
						"0.0": {
							"vector": [0, 0, 0]
						},
						"0.2083": {
							"vector": [0, 0, -10]
						}
					}
				},
				"body": {
					"rotation": {
						"0.0": {
							"vector": [0, 0, 0]
						},
						"0.2083": {
							"vector": [4.98107, -0.43523, 4.98107]
						}
					}
				},
				"left_arm": {
					"rotation": {
						"vector": [-45, 0, 0]
					}
				},
				"right_arm": {
					"rotation": {
						"vector": [-65, 0, 0]
					}
				},
				"left_leg": {
					"rotation": {
						"0.0": {
							"vector": [0, 0, 0]
						},
						"0.2083": {
							"vector": [17.5, 0, 0]
						}
					}
				},
				"right_leg": {
					"rotation": {
						"0.0": {
							"vector": [0, 0, 0]
						},
						"0.2083": {
							"vector": [-22.5, 0, 0]
						}
					}
				}
			}
		},
		"animationwalking_to_aim": {
			"loop": "hold_on_last_frame",
			"animation_length": 1.875,
			"bones": {
				"head": {
					"rotation": {
						"0.0": {
							"vector": [0, 2.5, -10]
						},
						"1.0": {
							"vector": [0, 2.5, -10]
						},
						"1.0833": {
							"vector": [7.5, 2.5, -10]
						},
						"1.25": {
							"vector": [-20, 2.5, -10]
						},
						"1.6667": {
							"vector": [7.5, 2.5, -10]
						},
						"1.875": {
							"vector": [0, 2.5, -10]
						}
					}
				},
				"body": {
					"rotation": {
						"0.0": {
							"vector": [5.00332, -5.41629, 4.54554]
						},
						"0.25": {
							"vector": [5.66641, -4.71796, -2.95127]
						},
						"1.0": {
							"vector": [5.66641, -4.71796, -2.95127]
						},
						"1.0833": {
							"vector": [-6.83359, -4.71796, -2.95127]
						},
						"1.25": {
							"vector": [-19.33359, -4.71796, -2.95127]
						},
						"1.5": {
							"vector": [-6.83359, -4.71796, -2.95127]
						},
						"1.75": {
							"vector": [10.66641, -4.71796, -2.95127]
						},
						"1.875": {
							"vector": [5.66641, -4.71796, -2.95127]
						}
					}
				},
				"left_arm": {
					"rotation": {
						"0.0": {
							"vector": [-55, 0, 0]
						},
						"0.25": {
							"vector": [-82.35629, 34.05444, 8.61775]
						},
						"1.0": {
							"vector": [-82.35629, 34.05444, 8.61775]
						},
						"1.0833": {
							"vector": [-74.85629, 34.05444, 8.61775]
						},
						"1.25": {
							"vector": [-89.85629, 34.05444, 8.61775]
						},
						"1.6667": {
							"vector": [-74.85629, 34.05444, 8.61775]
						},
						"1.875": {
							"vector": [-82.35629, 34.05444, 8.61775]
						}
					}
				},
				"right_arm": {
					"rotation": {
						"0.0": {
							"vector": [-65, 0, 0]
						},
						"0.25": {
							"vector": [-90, 0, 0]
						},
						"1.0": {
							"vector": [-90, 0, 0]
						},
						"1.0833": {
							"vector": [-82.5, 0, 0]
						},
						"1.25": {
							"vector": [-95, 0, 0]
						},
						"1.6667": {
							"vector": [-82.5, 0, 0]
						},
						"1.875": {
							"vector": [-90, 0, 0]
						}
					}
				},
				"left_leg": {
					"rotation": {
						"0.0": {
							"vector": [17.5, 0, 0]
						},
						"1.0": {
							"vector": [17.5, 0, 0]
						}
					}
				},
				"right_leg": {
					"rotation": {
						"0.0": {
							"vector": [-22.5, 0, 0]
						},
						"1.0": {
							"vector": [-22.5, 0, 0]
						}
					}
				}
			}
		},
		"shooting": {
			"loop": true,
			"animation_length": 0.875,
			"bones": {
				"head": {
					"rotation": {
						"0.0": {
							"vector": [0, 2.5, -10]
						},
						"0.0833": {
							"vector": [7.5, 2.5, -10]
						},
						"0.25": {
							"vector": [-20, 2.5, -10]
						},
						"0.6667": {
							"vector": [7.5, 2.5, -10]
						},
						"0.875": {
							"vector": [0, 2.5, -10]
						}
					}
				},
				"body": {
					"rotation": {
						"0.0": {
							"vector": [5.66641, -4.71796, -2.95127]
						},
						"0.0833": {
							"vector": [-6.83359, -4.71796, -2.95127]
						},
						"0.25": {
							"vector": [-19.33359, -4.71796, -2.95127]
						},
						"0.5": {
							"vector": [-6.83359, -4.71796, -2.95127]
						},
						"0.75": {
							"vector": [10.66641, -4.71796, -2.95127]
						},
						"0.875": {
							"vector": [5.66641, -4.71796, -2.95127]
						}
					}
				},
				"left_arm": {
					"rotation": {
						"0.0": {
							"vector": [-82.35629, 34.05444, 8.61775]
						},