{
	"format_version": "1.8.0",
	"animations": {
		"idle": {
			"animation_length": 0.5,
			"bones": {
				"left_arm": {
					"rotation": [-45, 0, 0]
				},
				"right_arm": {
					"rotation": [-65, 0, 0]
				}
			}
		},
		"waliking": {
			"loop": true,
			"animation_length": 1.0417,
			"bones": {
				"head": {
					"rotation": {
						"0.0": [0, 5, -10],
						"0.25": [0, -10, 10],
						"0.2917": [0, -10, 10],
						"0.5": [0, 2.5, -12.5],
						"0.5417": [0, 2.5, -12.5],
						"0.75": [0, -2.5, 12.5],
						"0.7917": [0, -10, 12.5],
						"1.0": [0, 0, -10],
						"1.0417": [0, 5, -10]
					}
				},
				"body": {
					"rotation": {
						"0.0": [5.10997, -12.88718, 3.87643],
						"0.25": [5.29574, 20.5735, -5.66269],
						"0.2917": [5.49606, 25.55138, -5.15183],
						"0.5": [4.98123, -5.63305, 7.03815],
						"0.5417": [5.04363, -10.61395, 6.59701],
						"0.75": [5.04363, 10.61395, -6.59701],
						"0.7917": [5.29574, 20.5735, -5.66269],
						"1.0": [5.02885, -7.90672, 4.32548],
						"1.0417": [5.10997, -12.88718, 3.87643]
					}
				},
				"left_arm": {
					"rotation": {
						"0.0": [-55.02021, -6.15983, -4.2694],
						"0.25": [-54.76837, 6.13784, 4.31837],
						"0.2917": [-54.76837, 6.13784, 4.31837],
						"0.5": [-54.64228, -4.08445, -2.91323],
						"0.5417": [-54.64228, -4.08445, -2.91323],
						"0.75": [-54.33133, 8.14885, 5.7891],
						"0.7917": [-54.33133, 8.14885, 5.7891],
						"1.0": [-55.2257, -2.05706, -1.40356],
						"1.0417": [-55.02021, -6.15983, -4.2694]
					}
				},
				"right_arm": {
					"rotation": {
						"0.0": [-64.91623, -4.53051, -2.11751],
						"0.25": [-64.91623, 4.53051, 2.11751],
						"0.2917": [-64.91623, 4.53051, 2.11751],
						"0.5": [-64.66239, -9.05478, -4.26175],
						"0.5417": [-64.66239, -9.05478, -4.26175],
						"0.75": [-64.9791, 2.26564, 1.0571],
						"0.7917": [-64.9791, 2.26564, 1.0571],
						"1.0": [-64.9791, -2.26564, -1.0571],
						"1.0417": [-64.91623, -4.53051, -2.11751]
					}
				},
				"left_leg": {
					"rotation": {
						"0.0": [17.5, 0, 0],
						"0.25": [-22.5, 0, 0],
						"0.5": [32.5, 0, 0],
						"0.75": [-22.5, 0, 0],
						"1.0": [17.5, 0, 0]
					}
				},
				"right_leg": {
					"rotation": {
						"0.0": [-22.5, 0, 0],
						"0.25": [30, 0, 0],
						"0.5": [-27.5, 0, 0],
						"0.75": [30, 0, 0],
						"1.0417": [-22.5, 0, 0]
					}
				}
			}
		},
		"start_walking": {
			"animation_length": 0.2083,
			"bones": {
				"head": {
					"rotation": {
						"0.0": [0, 0, 0],
						"0.2083": [0, 0, -10]
					}
				},
				"body": {
					"rotation": {
						"0.0": [0, 0, 0],
						"0.2083": [4.98107, -0.43523, 4.98107]
					}
				},
				"left_arm": {
					"rotation": [-45, 0, 0]
				},
				"right_arm": {
					"rotation": [-65, 0, 0]
				},
				"left_leg": {
					"rotation": {
						"0.0": [0, 0, 0],
						"0.2083": [17.5, 0, 0]
					}
				},
				"right_leg": {
					"rotation": {
						"0.0": [0, 0, 0],
						"0.2083": [-22.5, 0, 0]
					}
				}
			}
		},
		"animationwalking_to_aim": {
			"loop": "hold_on_last_frame",
			"animation_length": 1.875,
			"bones": {
				"head": {
					"rotation": {
						"0.0": [0, 2.5, -10],
						"1.0": [0, 2.5, -10],
						"1.0833": [7.5, 2.5, -10],
						"1.25": [-20, 2.5, -10],
						"1.6667": [7.5, 2.5, -10],
						"1.875": [0, 2.5, -10]
					}
				},
				"body": {
					"rotation": {
						"0.0": [5.00332, -5.41629, 4.54554],
						"0.25": [5.66641, -4.71796, -2.95127],
						"1.0": [5.66641, -4.71796, -2.95127],
						"1.0833": [-6.83359, -4.71796, -2.95127],
						"1.25": [-19.33359, -4.71796, -2.95127],
						"1.5": [-6.83359, -4.71796, -2.95127],
						"1.75": [10.66641, -4.71796, -2.95127],
						"1.875": [5.66641, -4.71796, -2.95127]
					}
				},
				"left_arm": {
					"rotation": {
						"0.0": [-55, 0, 0],
						"0.25": [-82.35629, 34.05444, 8.61775],
						"1.0": [-82.35629, 34.05444, 8.61775],
						"1.0833": [-74.85629, 34.05444, 8.61775],
						"1.25": [-89.85629, 34.05444, 8.61775],
						"1.6667": [-74.85629, 34.05444, 8.61775],
						"1.875": [-82.35629, 34.05444, 8.61775]
					}
				},
				"right_arm": {
					"rotation": {
						"0.0": [-65, 0, 0],
						"0.25": [-90, 0, 0],
						"1.0": [-90, 0, 0],
						"1.0833": [-82.5, 0, 0],
						"1.25": [-95, 0, 0],
						"1.6667": [-82.5, 0, 0],
						"1.875": [-90, 0, 0]
					}
				},
				"left_leg": {
					"rotation": {
						"0.0": [17.5, 0, 0],
						"1.0": [17.5, 0, 0]
					}
				},
				"right_leg": {
					"rotation": {
						"0.0": [-22.5, 0, 0],
						"1.0": [-22.5, 0, 0]
					}
				}
			}
		},
		"shooting": {
			"loop": true,
			"animation_length": 0.875,
			"bones": {
				"head": {
					"rotation": {
						"0.0": [0, 2.5, -10],
						"0.0833": [7.5, 2.5, -10],
						"0.25": [-20, 2.5, -10],
						"0.6667": [7.5, 2.5, -10],
						"0.875": [0, 2.5, -10]
					}
				},
				"body": {
					"rotation": {
						"0.0": [5.66641, -4.71796, -2.95127],
						"0.0833": [-6.83359, -4.71796, -2.95127],
						"0.25": [-19.33359, -4.71796, -2.95127],
						"0.5": [-6.83359, -4.71796, -2.95127],
						"0.75": [10.66641, -4.71796, -2.95127],
						"0.875": [5.66641, -4.71796, -2.95127]
					}
				},
				"left_arm": {
					"rotation": {
						"0.0": [-82.35629, 34.05444, 8.61775],
						"0.0833": [-74.85629, 34.05444, 8.61775],
						"0.25": [-89.85629, 34.05444, 8.61775],
						"0.6667": [-74.85629, 34.05444, 8.61775],
						"0.875": [-82.35629, 34.05444, 8.61775]
					}
				},
				"right_arm": {
					"rotation": {
						"0.0": [-90, 0, 0],
						"0.0833": [-82.5, 0, 0],
						"0.25": [-95, 0, 0],
						"0.6667": [-82.5, 0, 0],
						"0.875": [-90, 0, 0]
					}
				},
				"left_leg": {
					"rotation": [17.5, 0, 0]
				},
				"right_leg": {
					"rotation": [-22.5, 0, 0]
				}
			}
		},
		"idle_looking": {
			"animation_length": 2.7083,
			"bones": {
				"head": {
					"rotation": {
						"0.0": [0, 0, 0],
						"0.2917": [-11.24314, 27.0478, -5.16524],
						"0.375": [-14.18485, 29.41675, -6.08873],
						"0.5417": [-14.18485, 29.41675, -6.08873],
						"0.7917": [-4.88677, 1.29781, -0.50281],
						"1.0": [-10.88837, -22.13465, 4.15213],
						"1.0833": [-13.69062, -24.53277, 4.90303],
						"1.25": [-13.69062, -24.53277, 4.90303],
						"1.5417": [0, 0, 0],
						"1.875": [0, 180, 0],
						"2.2083": [0, 360, 0],
						"2.4583": [0, 360, 0]
					},
					"position": {
						"0.0": [0, 0, 0],
						"1.5417": [0, 0, 0],
						"1.75": [0, 1, 0],
						"2.0": [0, 1, 0],
						"2.4583": [0, 0, 0]
					}
				},
				"helmet": {
					"position": {
						"0.0": [0, 0, 0],
						"1.5417": [0, 0, 0],
						"1.8333": [0, 2, 0],
						"2.3333": [0, 0, 0]
					}
				},
				"body": {
					"rotation": {
						"0.0": [0, 0, 0],
						"0.2917": [-5, 5, 0],
						"0.5417": [-7.52391, 7.49044, -0.2197],
						"1.0": [-5.10086, -12.43311, 1.53787],
						"1.25": [-7.65525, -14.92311, 1.76783],
						"1.5417": [0, 0, 0]
					}
				},
				"left_arm": {
					"rotation": [-45, 0, 0]
				},
				"right_arm": {
					"rotation": [-65, 0, 0]
				}
			}
		}
	}
}